;Talsperre;Zeitscheibe;ensminimum;ensp25;ensmedian;ensp75;ensmaximum;ensminimum.1;ensp25.1;ensmedian.1;ensp75.1;ensmaximum.1
0;Aabach-Talsperre;1971-2000 [Mio. $m^3/y$] ;11,76;12,15;12,26;12,4;12,99;11,4;12,16;12,31;12,54;13,52
1;Lon: 8,720201165°;2021-2050 [\%] ;-9,55;-2,91;4,48;7,87;19,38;-10,36;-0,2;8,58;12,6;18,01
2;Lat: 51,49691644°;2036-2065 [\%] ;-13,53;-0,55;3,71;7,82;16,61;-7,61;-0,41;10,82;12,34;17,66
3;EZG: 30,09 $km^2$;2069-2098 [\%] ;-9,89;0,18;5,0;7,42;20,33;-30,9;-0,49;13,13;18,59;36,4
4;Altenberg;1971-2000 [Mio. $m^3/y$] ;1,76;1,81;1,85;1,86;1,99;1,67;1,77;1,83;1,89;2,07
5;Lon: 13,73298056°;2021-2050 [\%] ;-13,74;0,61;3,73;8,19;8,13;-2,0;4,09;6,59;11,62;11,63
6;Lat: 50,76457222°;2036-2065 [\%] ;-15,47;1,94;4,83;7,41;11,06;-13,45;6,05;9,03;12,93;13,98
7;EZG: 3,82 $km^2$;2069-2098 [\%] ;-16,83;1,81;7,32;13,72;11,26;-39,9;-0,2;9,53;15,92;19,33
8;Amselbach;1971-2000 [Mio. $m^3/y$] ;0,53;0,57;0,58;0,59;0,61;0,53;0,55;0,58;0,59;0,62
9;Lon: 12,57361098°;2021-2050 [\%] ;-16,06;2,55;6,8;9,25;31,67;-0,3;11,66;18,02;22,44;55,21
10;Lat: 50,63730837°;2036-2065 [\%] ;-13,14;1,42;4,91;9,19;20,81;-2,44;12,56;17,76;24,16;67,64
11;EZG: 1,91 $km^2$;2069-2098 [\%] ;-13,54;0,96;5,66;12,78;23,74;-35,22;11,28;21,06;31,53;104,0
12;Breitenbach-Talsperre;1971-2000 [Mio. $m^3/y$] ;23,25;23,66;23,78;24,04;24,56;22,22;23,63;24,0;24,35;24,93
13;Lon: 8,080336111°;2021-2050 [\%] ;-7,08;-4,56;2,81;6,29;13,84;-8,03;-0,78;3,91;9,84;22,35
14;Lat: 50,98234167°;2036-2065 [\%] ;-14,13;-2,23;0,48;7,12;14,07;-5,16;0,02;6,6;9,19;34,94
15;EZG: 34,2 $km^2$;2069-2098 [\%] ;-6,79;-2,8;2,37;6,16;10,65;-13,85;0,31;10,28;17,8;59,3
16;Calbitz;1971-2000 [Mio. $m^3/y$] ;6,26;6,42;6,61;6,88;7,98;5,84;6,63;6,91;7,16;8,43
17;Lon: 13,02987778°;2021-2050 [\%] ;-19,25;1,13;17,73;20,78;41,11;2,22;22,31;29,75;36,35;55,36
18;Lat: 51,32370556°;2036-2065 [\%] ;-8,53;6,81;14,23;23,58;25,41;8,38;23,61;36,36;45,92;78,45
19;EZG: 56,59 $km^2$;2069-2098 [\%] ;-28,15;10,7;23,94;29,87;27,22;-16,25;33,42;47,66;60,38;138,83
20;Carlsfeld-Talsperre;1971-2000 [Mio. $m^3/y$] ;4,74;4,84;4,92;5,01;5,25;4,61;4,88;4,95;5,03;5,34
21;Lon: 12,59661111°;2021-2050 [\%] ;-12,18;0,33;1,7;5,11;8,21;-4,33;1,36;5,71;9,45;21,27
22;Lat: 50,42408056°;2036-2065 [\%] ;-11,62;1,16;1,59;2,79;12,54;-4,09;-1,43;5,99;11,9;27,49
23;EZG: 7,69 $km^2$;2069-2098 [\%] ;-13,17;-2,32;3,39;6,06;10,81;-23,37;-4,91;4,86;12,9;34,14
24;Cranzahl-Talsperre;1971-2000 [Mio. $m^3/y$] ;2,54;2,59;2,62;2,68;2,87;2,47;2,6;2,65;2,67;2,82
25;Lon: 13,00326389°;2021-2050 [\%] ;-12,86;3,59;5,75;11,66;9,39;-10,82;5,46;11,39;16,49;21,05
26;Lat: 50,50428333°;2036-2065 [\%] ;-15,27;2,42;6,87;7,75;12,14;-9,36;8,29;12,15;17,77;27,93
27;EZG: 5,76 $km^2$;2069-2098 [\%] ;-17,21;0,01;7,99;10,19;17,53;-34,3;1,29;11,71;19,33;32,62
28;Doktorteich;1971-2000 [Mio. $m^3/y$] ;1,67;1,73;1,79;1,86;2,11;1,56;1,77;1,86;1,94;2,28
29;Lon: 12,89279167°;2021-2050 [\%] ;-18,19;2,62;16,42;21,0;46,66;1,37;22,91;30,21;38,21;59,21
30;Lat: 51,32300833°;2036-2065 [\%] ;-12,03;4,18;11,59;20,94;26,09;5,3;24,35;34,44;48,8;83,87
31;EZG: 15,1 $km^2$;2069-2098 [\%] ;-28,52;11,49;22,64;28,64;30,44;-20,05;31,7;47,26;58,37;142,85
32;Drei Teiche;1971-2000 [Mio. $m^3/y$] ;1,67;1,73;1,79;1,86;2,11;1,56;1,77;1,86;1,94;2,28
33;Lon: 12,89561667°;2021-2050 [\%] ;-18,19;2,62;16,42;21,0;46,66;1,37;22,91;30,21;38,21;59,21
34;Lat: 51,31857222°;2036-2065 [\%] ;-12,03;4,18;11,59;20,94;26,09;5,3;24,35;34,44;48,8;83,87
35;EZG: 15,1 $km^2$;2069-2098 [\%] ;-28,52;11,49;22,64;28,64;30,44;-20,05;31,7;47,26;58,37;142,85
36;Dreilägerbach-Talsperre;1971-2000 [Mio. $m^3/y$] ;13,97;14,32;14,61;14,76;15,02;13,5;14,51;14,78;15,03;15,61
37;Lon: 6,209013889°;2021-2050 [\%] ;-6,79;-0,64;2,02;8,35;16,18;-6,97;-3,33;2,9;6,91;14,65
38;Lat: 50,65986944°;2036-2065 [\%] ;-13,38;-2,56;4,08;4,87;20,66;-10,85;-2,73;1,65;8,04;16,54
39;EZG: 22,91 $km^2$;2069-2098 [\%] ;-10,43;-0,9;2,61;4,92;16,07;-21,12;-5,71;2,47;9,03;29,14
40;Dröda-Talsperre;1971-2000 [Mio. $m^3/y$] ;11,36;11,6;11,81;12,03;12,82;10,82;11,56;11,85;12,21;13,25
41;Lon: 12,05743611°;2021-2050 [\%] ;-22,48;3,12;7,7;10,76;41,41;-2,28;11,93;21,42;26,32;41,15
42;Lat: 50,39780556°;2036-2065 [\%] ;-14,43;-0,49;4,33;14,67;46,53;-2,51;18,74;25,19;30,3;59,13
43;EZG: 55,84 $km^2$;2069-2098 [\%] ;-17,54;-0,24;9,61;15,32;27,29;-52,39;13,98;29,99;43,8;80,95
44;Dörnthaler Teich-Talsperre;1971-2000 [Mio. $m^3/y$] ;4,79;4,86;4,93;5,03;5,09;4,6;4,82;4,91;5,03;5,7
45;Lon: 13,34043889°;2021-2050 [\%] ;-18,63;1,75;8,16;8,3;21,69;-12,54;5,99;13,46;17,36;20,38
46;Lat: 50,72542778°;2036-2065 [\%] ;-22,67;3,79;4,84;8,21;22,95;-11,83;10,03;15,36;19,62;23,81
47;EZG: 11,46 $km^2$;2069-2098 [\%] ;-20,69;0,35;8,05;10,89;19,58;-31,38;1,99;15,79;21,37;39,23
48;Ecker-Talsperre;1971-2000 [Mio. $m^3/y$] ;23,66;24,3;24,52;25,07;26,27;23,01;24,46;24,86;25,76;27,47
49;Lon: 10,57957778°;2021-2050 [\%] ;-7,19;-0,88;1,36;4,17;10,53;-6,14;-0,94;2,9;2,29;5,35
50;Lat: 51,84072222°;2036-2065 [\%] ;-6,63;-2,42;1,51;2,39;7,9;-2,94;-2,82;1,35;3,52;6,33
51;EZG: 24,26 $km^2$;2069-2098 [\%] ;-4,87;-1,02;1,08;6,65;11,08;-16,91;-4,44;2,72;5,93;16,12
52;Eibenstock-Talsperre;1971-2000 [Mio. $m^3/y$] ;106,21;108,13;109,94;111,65;115,89;103,97;108,45;110,24;111,5;119,57
53;Lon: 12,59870686°;2021-2050 [\%] ;-15,05;0,75;2,54;5,6;12,61;-3,04;2,02;8,7;12,29;27,69
54;Lat: 50,5298865°;2036-2065 [\%] ;-13,29;0,83;1,56;4,46;15,78;-4,75;-0,52;9,0;14,57;35,52
55;EZG: 207,56 $km^2$;2069-2098 [\%] ;-15,65;-1,78;2,25;7,88;13,14;-29,69;-2,43;9,93;16,85;48,63
56;Einsiedel-Talsperre;1971-2000 [Mio. $m^3/y$] ;0,62;0,64;0,65;0,66;0,7;0,6;0,64;0,65;0,66;0,77
57;Lon: 12,98482266°;2021-2050 [\%] ;-15,71;0,52;6,2;10,05;22,42;-8,72;8,77;15,47;21,83;35,88
58;Lat: 50,77580659°;2036-2065 [\%] ;-18,05;-0,52;5,82;16,47;16,15;-9,55;7,36;17,59;24,03;43,82
59;EZG: 1,91 $km^2$;2069-2098 [\%] ;-14,62;2,87;8,23;10,85;17,69;-34,96;5,07;16,21;31,07;69,86
60;Ennepe-Talsperre;1971-2000 [Mio. $m^3/y$] ;44,49;45,52;45,91;46,54;47,08;42,19;45,87;46,56;47,25;49,97
61;Lon: 7,409247222°;2021-2050 [\%] ;-7,17;-2,89;2,09;5,47;16,18;-5,43;0,06;4,17;8,58;13,7
62;Lat: 51,24082778°;2036-2065 [\%] ;-12,41;-2,28;1,1;6,41;12,48;-5,02;-0,38;4,75;9,4;25,09
63;EZG: 56,74 $km^2$;2069-2098 [\%] ;-5,76;-2,09;1,95;3,95;11,4;-11,78;-1,86;9,56;14,92;47,15
64;Erletor-Talsperre;1971-2000 [Mio. $m^3/y$] ;5,92;6,08;6,14;6,24;6,41;5,68;6,04;6,17;6,29;6,61
65;Lon: 10,74689444°;2021-2050 [\%] ;-15,1;-5,57;-0,5;4,75;16,8;-5,34;-0,78;3,23;8,86;19,1
66;Lat: 50,58513889°;2036-2065 [\%] ;-10,28;-5,23;-1,15;3,49;17,64;-7,15;-1,53;4,18;10,76;28,48
67;EZG: 9,58 $km^2$;2069-2098 [\%] ;-7,48;-2,34;2,5;2,31;9,97;-23,05;-3,08;7,72;16,47;44,51
68;Eschbach-Talsperre;1971-2000 [Mio. $m^3/y$] ;10,67;10,83;10,94;11,03;11,25;10,31;10,94;11,07;11,26;11,54
69;Lon: 7,231847222°;2021-2050 [\%] ;-7,52;-2,15;0,96;5,57;12,96;-5,23;1,06;3,89;7,46;19,31
70;Lat: 51,15938333°;2036-2065 [\%] ;-11,13;-2,41;1,72;7,16;13,59;-9,89;1,25;4,66;8,69;32,72
71;EZG: 13,25 $km^2$;2069-2098 [\%] ;-6,51;-1,92;1,05;5,14;12,52;-14,72;0,25;10,76;15,62;61,43
72;Frauenau-Talsperre;1971-2000 [Mio. $m^3/y$] ;22,56;22,72;22,9;23,15;23,88;21,94;22,64;23,0;23,32;24,92
73;Lon: 13,33455278°;2021-2050 [\%] ;-13,71;-3,1;0,53;6,34;11,81;-9,79;2,61;5,83;9,14;13,02
74;Lat: 49,01325556°;2036-2065 [\%] ;-12,36;-1,66;-1,52;6,2;13,2;-6,37;3,69;6,72;9,26;24,19
75;EZG: 27,72 $km^2$;2069-2098 [\%] ;-12,5;-1,05;1,87;6,93;10,75;-13,29;-1,22;9,69;15,25;34,57
76;Fuelbecke-Talsperre;1971-2000 [Mio. $m^3/y$] ;2,91;2,99;3,02;3,05;3,11;2,86;3,01;3,06;3,11;3,29
77;Lon: 7,663072222°;2021-2050 [\%] ;-7,44;-0,92;3,94;6,19;14,74;-9,33;-1,45;4,6;8,97;13,52
78;Lat: 51,24821389°;2036-2065 [\%] ;-12,88;-1,21;3,35;6,66;10,54;-7,26;-0,3;5,39;9,35;21,02
79;EZG: 3,78 $km^2$;2069-2098 [\%] ;-5,66;-0,63;2,52;4,64;11,6;-13,87;0,25;7,9;15,11;37,61
80;Fürwigge-Talsperre;1971-2000 [Mio. $m^3/y$] ;10,38;10,58;10,7;10,84;11,12;9,91;10,71;10,85;10,98;11,51
81;Lon: 7,687880556°;2021-2050 [\%] ;-5,32;-0,26;2,12;4,98;12,93;-4,98;-2,62;3,01;7,23;11,62
82;Lat: 51,14958611°;2036-2065 [\%] ;-10,57;-1,45;1,69;4,89;8,9;-3,76;-2,99;4,61;8,05;18,98
83;EZG: 11,36 $km^2$;2069-2098 [\%] ;-4,99;-1,82;2,19;3,42;7,96;-13,66;-4,02;7,38;13,09;34,5
84;Genkel-Talsperre;1971-2000 [Mio. $m^3/y$] ;7,89;8,0;8,06;8,12;8,39;7,39;8,06;8,14;8,26;8,47
85;Lon: 7,628361111°;2021-2050 [\%] ;-7,44;-2,14;1,29;6,24;12,58;-3,9;-0,39;3,87;7,62;17,72
86;Lat: 51,06336944°;2036-2065 [\%] ;-11,19;-2,44;1,2;6,06;10,1;-4,51;-1,63;5,58;8,94;28,82
87;EZG: 9,48 $km^2$;2069-2098 [\%] ;-5,44;-2,01;1,34;5,28;7,77;-12,47;-1,42;8,81;15,03;52,73
88;Gottleuba-Talsperre;1971-2000 [Mio. $m^3/y$] ;9,96;10,22;10,35;10,56;11,06;9,62;10,11;10,4;10,78;12,07
89;Lon: 13,93111389°;2021-2050 [\%] ;-16,12;2,9;8,6;13,66;20,68;-2,21;10,13;13,74;18,41;17,97
90;Lat: 50,83706389°;2036-2065 [\%] ;-16,41;0,45;9,49;12,57;25,54;-15,78;14,55;17,49;20,88;23,79
91;EZG: 34,35 $km^2$;2069-2098 [\%] ;-20,18;4,5;11,77;19,95;22,04;-48,11;9,12;16,88;25,02;40,21
92;Grane-Talsperre;1971-2000 [Mio. $m^3/y$] ;15,49;15,69;15,91;16,17;16,77;14,83;15,79;16,1;16,29;16,96
93;Lon: 10,37734722°;2021-2050 [\%] ;-14,58;-0,05;4,06;8,64;18,82;-10,75;1,34;6,78;10,3;19,52
94;Lat: 51,91107778°;2036-2065 [\%] ;-10,42;-1,63;3,33;5,61;14,9;-4,74;0,04;6,52;12,02;22,48
95;EZG: 26,09 $km^2$;2069-2098 [\%] ;-7,74;1,84;2,97;5,73;11,81;-14,55;0,01;10,55;16,87;42,43
96;Große Dhünn-Talsperre;1971-2000 [Mio. $m^3/y$] ;43,19;43,68;44,07;44,39;45,44;40,47;43,85;44,63;45,65;47,2
97;Lon: 7,190590344°;2021-2050 [\%] ;-8,53;-1,22;1,44;7,09;12,27;-4,55;1,24;4,43;6,18;22,25
98;Lat: 51,06621115°;2036-2065 [\%] ;-13,73;-1,41;2,02;7,17;13,37;-9,19;2,5;5,09;8,8;37,3
99;EZG: 58,77 $km^2$;2069-2098 [\%] ;-7,32;-2,03;1,5;5,68;12,28;-13,88;-1,28;10,13;17,95;70,34
100;Haltern-Talsperre;1971-2000 [Mio. $m^3/y$] ;271,12;277,31;284,18;288,91;301,73;252,31;279,99;285,25;292,16;303,85
101;Lon: 7,207069444°;2021-2050 [\%] ;-12,41;0,5;9,86;10,54;22,37;-7,96;4,11;13,45;17,5;31,63
102;Lat: 51,74274722°;2036-2065 [\%] ;-22,23;-1,27;8,88;11,91;23,36;-8,24;4,74;13,7;18,63;47,75
103;EZG: 942,42 $km^2$;2069-2098 [\%] ;-15,95;2,97;7,77;11,41;22,49;-16,31;6,64;20,99;29,23;90,63
104;Hasper-Talsperre;1971-2000 [Mio. $m^3/y$] ;7,55;7,74;7,82;7,9;8,08;7,08;7,85;7,98;8,07;8,52
105;Lon: 7,41405°;2021-2050 [\%] ;-9,24;-2,49;2,65;7,59;18,31;-5,55;-1,83;4,09;10,37;15,18
106;Lat: 51,29911111°;2036-2065 [\%] ;-14,76;-0,87;3,62;6,34;11,99;-3,68;-2,95;3,37;9,75;24,58
107;EZG: 11,33 $km^2$;2069-2098 [\%] ;-6,41;-1,38;1,98;5,12;12,8;-11,84;-4,92;7,58;16,66;42,78
108;Hegeteich Ossa;1971-2000 [Mio. $m^3/y$] ;1,21;1,24;1,27;1,33;1,39;1,16;1,24;1,3;1,33;1,46
109;Lon: 12,67728056°;2021-2050 [\%] ;-19,06;0,67;12,01;13,72;32,72;-3,9;16,79;28,14;34,43;77,87
110;Lat: 51,01848056°;2036-2065 [\%] ;-11,28;-2,84;6,05;20,55;27,73;2,47;19,35;26,84;39,77;104,97
111;EZG: 7,6 $km^2$;2069-2098 [\%] ;-17,92;3,59;12,56;18,67;24,9;-16,76;14,21;34,7;57,09;158,59
112;Heilenbecke-Talsperre;1971-2000 [Mio. $m^3/y$] ;8,37;8,56;8,64;8,75;8,86;7,97;8,67;8,8;8,9;9,35
113;Lon: 7,372688889°;2021-2050 [\%] ;-7,63;-2,88;2,38;5,93;17,22;-5,62;-0,2;4,41;9,75;15,12
114;Lat: 51,25605°;2036-2065 [\%] ;-13,16;-1,57;2,07;5,84;13,37;-6,02;-0,88;4,55;9,84;26,53
115;EZG: 11,34 $km^2$;2069-2098 [\%] ;-5,39;-1,81;2,15;4,36;12,61;-13,22;-2,11;8,18;15,84;49,36
116;Henne-Talsperre;1971-2000 [Mio. $m^3/y$] ;36,15;36,65;36,91;37,13;37,79;34,21;36,72;37,23;37,65;38,89
117;Lon: 8,272466667°;2021-2050 [\%] ;-12,42;-2,51;3,44;7,0;16,43;-11,16;-1,02;6,37;12,62;18,61
118;Lat: 51,33493333°;2036-2065 [\%] ;-17,87;-3,77;2,33;5,9;15,9;-8,95;-0,8;7,15;13,01;24,28
119;EZG: 62,33 $km^2$;2069-2098 [\%] ;-8,98;-3,29;0,96;7,42;11,31;-18,08;-1,66;8,92;15,79;38,53
120;Herbringhauser-Talsperre;1971-2000 [Mio. $m^3/y$] ;4,29;4,38;4,43;4,47;4,56;4,17;4,43;4,49;4,57;4,72
121;Lon: 7,273252778°;2021-2050 [\%] ;-6,69;-3,58;1,66;5,46;15,0;-5,94;0,77;4,74;8,17;18,23
122;Lat: 51,22898056°;2036-2065 [\%] ;-12,46;-2,71;2,31;6,84;13,66;-10,21;0,59;4,84;9,39;30,98
123;EZG: 5,67 $km^2$;2069-2098 [\%] ;-5,55;-2,61;1,59;5,57;13,17;-16,2;-2,4;9,72;14,88;59,0
124;Hopfgarten-Talsperre;1971-2000 [Mio. $m^3/y$] ;2,28;2,39;2,43;2,48;2,84;2,25;2,36;2,51;2,57;3,17
125;Lon: 11,20416111°;2021-2050 [\%] ;-25,52;3,32;14,64;20,23;40,26;-13,09;20,67;22,56;33,58;63,55
126;Lat: 50,99768611°;2036-2065 [\%] ;-13,72;0,41;9,4;20,53;38,92;-6,68;26,87;28,39;38,8;70,34
127;EZG: 20,9 $km^2$;2069-2098 [\%] ;-17,24;11,13;19,79;25,11;34,84;-24,15;26,72;43,48;62,63;116,49
128;Hullern-Talsperre;1971-2000 [Mio. $m^3/y$] ;179,96;184,05;188,06;191,01;200,38;164,54;184,65;188,74;193,27;202,32
129;Lon: 7,263358333°;2021-2050 [\%] ;-14,53;-1,07;10,67;10,55;22,59;-8,15;3,45;13,36;18,86;31,33
130;Lat: 51,74640833°;2036-2065 [\%] ;-24,05;-0,63;8,71;12,34;24,09;-8,5;5,83;15,06;19,87;47,68
131;EZG: 640,2 $km^2$;2069-2098 [\%] ;-17,12;1,89;8,91;11,66;22,94;-16,79;6,67;21,73;28,84;90,26
132;Häuschenteich;1971-2000 [Mio. $m^3/y$] ;0,84;0,88;0,91;0,94;1,07;0,79;0,9;0,94;0,98;1,14
133;Lon: 12,92888611°;2021-2050 [\%] ;-17,59;2,17;15,6;20,39;45,38;2,02;22,45;29,66;36,45;58,97
134;Lat: 51,30046944°;2036-2065 [\%] ;-10,29;4,02;11,25;20,6;25,87;5,13;23,7;34,16;47,83;82,61
135;EZG: 7,55 $km^2$;2069-2098 [\%] ;-27,96;10,62;22,03;28,68;29,39;-19,65;31,12;47,22;58,81;141,39
136;Innerste-Talsperre;1971-2000 [Mio. $m^3/y$] ;67,57;68,42;68,92;69,88;72,36;63,93;68,73;69,66;70,59;75,37
137;Lon: 10,294925°;2021-2050 [\%] ;-16,13;-4,4;-0,05;7,09;15,7;-7,93;-0,15;5,62;9,46;13,51
138;Lat: 51,91436111°;2036-2065 [\%] ;-11,19;-4,15;1,1;5,09;12,8;-3,73;-2,3;5,57;10,8;18,52
139;EZG: 95,13 $km^2$;2069-2098 [\%] ;-7,29;-2,26;1,33;2,68;7,15;-17,45;-3,57;9,46;15,7;38,54
140;Jubach-Talsperre;1971-2000 [Mio. $m^3/y$] ;37,36;37,96;38,44;38,73;39,87;35,31;38,35;38,74;39,36;40,93
141;Lon: 7,608183333°;2021-2050 [\%] ;-6,05;-2,25;1,63;5,29;13,25;-4,26;-0,94;3,21;7,3;14,37
142;Lat: 51,16188333°;2036-2065 [\%] ;-10,45;-1,66;1,39;5,65;9,39;-3,83;-0,84;5,56;8,26;23,66
143;EZG: 43,57 $km^2$;2069-2098 [\%] ;-5,4;-1,65;2,32;4,59;8,31;-11,73;-2,04;8,34;15,25;43,59
144;Kalltalsperre;1971-2000 [Mio. $m^3/y$] ;15,23;15,61;15,87;16,12;16,32;14,67;15,88;16,13;16,39;17,16
145;Lon: 6,310405556°;2021-2050 [\%] ;-8,16;-0,92;3,25;7,93;17,49;-6,82;-4,03;3,17;7,26;15,38
146;Lat: 50,64533333°;2036-2065 [\%] ;-12,73;-1,94;5,34;6,12;19,87;-10,99;-2,83;1,66;8,37;14,24
147;EZG: 24,63 $km^2$;2069-2098 [\%] ;-10,05;-0,64;3,43;7,62;14,0;-19,79;-6,83;3,47;8,61;25,48
148;Kerspe-Talsperre;1971-2000 [Mio. $m^3/y$] ;58,35;59,35;59,88;60,22;62,02;54,52;59,8;60,36;61,35;63,37
149;Lon: 7,494438889°;2021-2050 [\%] ;-6,78;-2,65;0,92;5,83;12,87;-3,77;0,13;4,29;7,52;17,46
150;Lat: 51,1234°;2036-2065 [\%] ;-11,16;-3,12;1,35;6,71;10,02;-4,18;-0,89;5,39;8,96;28,99
151;EZG: 70,11 $km^2$;2069-2098 [\%] ;-5,95;-2,27;1,03;4,78;8,88;-10,9;-2,27;9,26;15,21;53,46
152;Kettwiger See;1971-2000 [Mio. $m^3/y$] ;2568,36;2615,08;2632,31;2657,47;2734,09;2454,41;2638,97;2666,75;2696,21;2772,17
153;Lon: 6,935980556°;2021-2050 [\%] ;-8,17;-2,85;4,45;7,72;15,81;-7,77;-2,11;6,73;11,4;20,24
154;Lat: 51,36124167°;2036-2065 [\%] ;-14,48;-2,23;3,26;7,36;14,07;-5,88;0,59;6,98;11,92;28,9
155;EZG: 4419,52 $km^2$;2069-2098 [\%] ;-7,1;-1,45;2,5;6,44;11,89;-11,64;-1,02;9,72;17,49;47,77
156;Kirchenteich;1971-2000 [Mio. $m^3/y$] ;1,47;1,53;1,58;1,64;1,86;1,38;1,56;1,64;1,71;2,0
157;Lon: 12,89903056°;2021-2050 [\%] ;-17,9;2,36;15,94;20,79;46,05;1,55;22,6;29,82;37,51;59,42
158;Lat: 51,31135°;2036-2065 [\%] ;-11,62;3,89;11,4;20,65;25,73;5,01;24,2;33,95;48,33;83,76
159;EZG: 13,21 $km^2$;2069-2098 [\%] ;-28,3;11,07;22,37;28,57;29,86;-20,11;31,62;47,09;58,03;142,39
160;Kleine Kinzig;1971-2000 [Mio. $m^3/y$] ;25,83;25,93;26,11;26,34;27,02;25,31;26,15;26,56;26,78;27,99
161;Lon: 8,365888889°;2021-2050 [\%] ;-16,05;-4,37;3,72;7,73;12,11;-4,6;1,33;3,52;9,37;15,35
162;Lat: 48,39856389°;2036-2065 [\%] ;-10,75;-2,84;3,24;6,52;10,73;-6,68;-0,02;4,29;8,87;24,25
163;EZG: 22,04 $km^2$;2069-2098 [\%] ;-5,73;-1,33;2,91;4,5;14,53;-9,21;-3,17;4,65;12,54;28,52
164;Klingenberg-Talsperre;1971-2000 [Mio. $m^3/y$] ;41,83;42,99;43,6;44,57;46,01;40,04;41,98;43,75;44,43;48,33
165;Lon: 13,53751944°;2021-2050 [\%] ;-15,55;3,38;7,49;8,3;15,3;-4,9;7,83;8,74;15,01;19,11
166;Lat: 50,90665°;2036-2065 [\%] ;-17,5;2,82;5,8;9,03;17,02;-12,7;10,73;11,09;16,77;21,4
167;EZG: 103,05 $km^2$;2069-2098 [\%] ;-19,1;3,09;8,33;15,45;17,54;-38,8;1,82;10,72;18,56;32,99
168;Klingerbach;1971-2000 [Mio. $m^3/y$] ;1,12;1,19;1,22;1,25;1,28;1,11;1,17;1,22;1,24;1,31
169;Lon: 12,60111698°;2021-2050 [\%] ;-15,04;2,88;6,97;8,96;30,15;-1,55;10,19;17,17;21,81;53,13
170;Lat: 50,63678775°;2036-2065 [\%] ;-12,9;1,33;5,46;9,47;19,13;-2,69;12,73;17,98;24,08;65,5
171;EZG: 3,83 $km^2$;2069-2098 [\%] ;-13,2;1,04;5,52;11,26;23,94;-33,86;9,71;20,24;31,54;99,25
172;Königshütte-Talsperre;1971-2000 [Mio. $m^3/y$] ;113,17;115,46;116,26;117,93;123,36;110,98;116,08;117,66;119,42;124,95
173;Lon: 10,80434167°;2021-2050 [\%] ;-8,88;-0,66;2,5;5,13;17,62;-8,85;-0,38;4,5;8,59;14,58
174;Lat: 51,73626111°;2036-2065 [\%] ;-10,45;-2,5;1,92;4,24;14,21;-5,1;-0,52;4,43;10,41;15,47
175;EZG: 164,53 $km^2$;2069-2098 [\%] ;-7,09;0,93;3,17;6,42;9,18;-13,99;-1,1;7,08;14,05;30,75
176;Langer Rodaer See;1971-2000 [Mio. $m^3/y$] ;0,21;0,22;0,23;0,23;0,27;0,2;0,22;0,24;0,24;0,28
177;Lon: 12,88922778°;2021-2050 [\%] ;-15,11;2,53;16,35;19,98;44,82;0,61;21,42;28,77;38,98;62,14
178;Lat: 51,28195°;2036-2065 [\%] ;-11,31;3,03;11,21;20,16;23,15;4,47;24,78;32,23;49,53;87,13
179;EZG: 1,89 $km^2$;2069-2098 [\%] ;-27,82;10,47;22,08;26,49;28,58;-13,26;33,82;44,96;60,47;145,64
180;LehnmühleTalsperre;1971-2000 [Mio. $m^3/y$] ;28,39;29,26;29,65;30,22;31,71;27,08;28,55;29,62;30,27;33,06
181;Lon: 13,59279722°;2021-2050 [\%] ;-14,79;0,4;6,69;8,33;11,48;-3,76;5,6;7,87;13,21;15,08
182;Lat: 50,83368333°;2036-2065 [\%] ;-16,57;1,25;5,79;8,22;13,64;-13,64;8,11;10,25;15,34;18,39
183;EZG: 66,84 $km^2$;2069-2098 [\%] ;-18,08;2,27;8,71;14,42;13,92;-39,33;0,14;10,48;17,86;27,41
184;Leibis-LichteTalsperre;1971-2000 [Mio. $m^3/y$] ;35,07;35,83;36,1;36,97;37,93;33,49;35,94;36,64;37,55;39,8
185;Lon: 11,17371111°;2021-2050 [\%] ;-14,0;2,15;4,25;6,92;19,55;-2,04;1,0;8,66;11,35;24,72
186;Lat: 50,60051944°;2036-2065 [\%] ;-7,89;-1,24;2,16;4,49;20,33;-2,07;1,57;10,56;12,89;34,27
187;EZG: 69,06 $km^2$;2069-2098 [\%] ;-10,27;4,84;5,3;7,18;15,22;-27,96;1,28;12,45;20,55;43,49
188;Lichtenberg-Talsperre;1971-2000 [Mio. $m^3/y$] ;17,15;17,67;18,0;18,21;18,41;16,47;17,42;17,74;18,14;19,53
189;Lon: 13,45421174°;2021-2050 [\%] ;-16,07;1,87;7,16;8,26;17,56;-7,38;6,02;10,86;15,29;24,57
190;Lat: 50,81085925°;2036-2065 [\%] ;-18,82;1,8;4,76;7,95;20,67;-10,05;9,22;13,02;17,19;22,5
191;EZG: 40,08 $km^2$;2069-2098 [\%] ;-19,31;1,85;7,15;14,83;18,81;-35,13;0,8;14,08;19,2;35,6
192;Lister-Talsperre;1971-2000 [Mio. $m^3/y$] ;22,78;23,21;23,39;23,81;24,26;21,75;23,39;23,68;24,08;25,07
193;Lon: 7,837258333°;2021-2050 [\%] ;-5,3;0,26;5,15;5,88;14,26;-6,61;-2,4;3,94;7,98;15,65
194;Lat: 51,09444167°;2036-2065 [\%] ;-12,57;-1,64;3,06;6,18;11,14;-4,75;-0,54;6,31;9,5;22,31
195;EZG: 28,42 $km^2$;2069-2098 [\%] ;-4,81;-0,47;2,23;5,24;9,5;-14,66;0,36;9,66;15,69;40,63
196;Lössau-Talsperre;1971-2000 [Mio. $m^3/y$] ;18,49;19,07;19,31;19,75;20,99;17,81;18,96;19,25;19,96;21,42
197;Lon: 11,89399444°;2021-2050 [\%] ;-17,84;-0,28;7,75;10,65;37,72;-2,21;9,41;21,01;24,33;40,01
198;Lat: 50,58034722°;2036-2065 [\%] ;-8,54;-2,43;6,14;12,14;43,1;-2,02;11,14;24,82;29,27;55,98
199;EZG: 86,39 $km^2$;2069-2098 [\%] ;-15,31;-0,65;8,57;17,93;24,23;-51,08;5,14;24,44;41,32;70,41
200;Mauthaus-Talsperre;1971-2000 [Mio. $m^3/y$] ;19,57;19,82;20,06;20,46;21,29;18,06;19,95;20,25;20,8;21,81
201;Lon: 11,48968349°;2021-2050 [\%] ;-17,15;-1,48;3,15;4,75;24,98;0,44;1,76;8,1;12,73;26,94
202;Lat: 50,32879858°;2036-2065 [\%] ;-10,07;-4,48;1,25;6,12;24,55;0,14;1,07;11,23;14,28;41,19
203;EZG: 40,42 $km^2$;2069-2098 [\%] ;-10,06;0,29;4,15;7,58;14,73;-26,01;0,99;13,65;23,03;54,05
204;Muldenberg -Talsperre;1971-2000 [Mio. $m^3/y$] ;11,07;11,28;11,44;11,68;12,01;10,77;11,32;11,48;11,68;12,38
205;Lon: 12,40346667°;2021-2050 [\%] ;-16,51;-3,55;0,39;5,07;15,74;-7,32;1,58;8,42;12,82;27,82
206;Lat: 50,41110278°;2036-2065 [\%] ;-13,17;-0,74;1,55;4,6;20,25;-5,93;-1,08;8,98;14,64;36,83
207;EZG: 23,09 $km^2$;2069-2098 [\%] ;-16,33;-3,85;-0,21;7,54;16,36;-33,35;-4,95;11,03;17,44;50,17
208;Neumühlenteich Schildau;1971-2000 [Mio. $m^3/y$] ;1,64;1,78;1,81;1,92;2,21;1,61;1,81;1,92;1,99;2,53
209;Lon: 12,94649722°;2021-2050 [\%] ;-26,29;0,4;26,68;29,34;52,68;-5,1;25,6;37,77;50,1;55,54
210;Lat: 51,46973611°;2036-2065 [\%] ;-9,74;8,4;18,75;24,82;36,21;3,55;32,59;41,63;57,76;86,66
211;EZG: 20,69 $km^2$;2069-2098 [\%] ;-28,12;18,13;28,34;33,59;35,73;-6,19;35,78;55,33;75,69;152,7
212;Neunzehnhain I-Talsperre;1971-2000 [Mio. $m^3/y$] ;10,14;10,45;10,57;10,71;11,19;10,05;10,39;10,56;10,76;12,7
213;Lon: 13,16289167°;2021-2050 [\%] ;-17,34;2,49;7,63;9,68;18,94;-13,94;7,91;13,14;19,42;21,57
214;Lat: 50,73379167°;2036-2065 [\%] ;-20,25;2,03;5,97;13,44;16,06;-12,79;8,01;16,63;22,27;28,38
215;EZG: 24,86 $km^2$;2069-2098 [\%] ;-17,35;0,57;7,47;11,83;16,82;-32,91;5,1;16,34;22,95;46,92
216;Neunzehnhain II-Talsperre;1971-2000 [Mio. $m^3/y$] ;4,8;4,94;4,98;5,06;5,29;4,76;4,89;4,99;5,1;5,99
217;Lon: 13,15256944°;2021-2050 [\%] ;-17,03;2,98;7,84;9,9;18,31;-14,25;7,79;12,54;18,44;20,37
218;Lat: 50,71301944°;2036-2065 [\%] ;-19,94;2,41;6,18;13,29;15,52;-13,08;8,38;16,21;21,37;26,9
219;EZG: 11,48 $km^2$;2069-2098 [\%] ;-17,16;0,66;7,88;11,84;16,41;-33,6;4,64;15,62;23,27;44,13
220;Neustadt-Talsperre;1971-2000 [Mio. $m^3/y$] ;2,88;2,94;2,99;3,08;3,2;2,76;2,99;3,04;3,1;3,21
221;Lon: 10,86458889°;2021-2050 [\%] ;-15,47;-2,26;4,26;8,11;28,33;-8,5;-1,52;9,9;13,61;27,67
222;Lat: 51,57883333°;2036-2065 [\%] ;-17,36;-4,01;1,38;2,26;23,66;-4,48;-2,16;6,58;15,73;33,45
223;EZG: 7,5 $km^2$;2069-2098 [\%] ;-16,97;-2,32;6,66;7,01;11,32;-17,76;-3,97;12,52;26,3;48,28
224;Neye-Talsperre;1971-2000 [Mio. $m^3/y$] ;3,03;3,08;3,1;3,13;3,2;2,83;3,11;3,15;3,2;3,31
225;Lon: 7,393197222°;2021-2050 [\%] ;-6,85;-3,62;1,16;6,26;13,52;-4,08;-0,02;5,15;6,89;19,32
226;Lat: 51,137275°;2036-2065 [\%] ;-12,64;-2,12;2,05;7,61;12,56;-6,03;-0,38;4,94;9,75;32,91
227;EZG: 3,79 $km^2$;2069-2098 [\%] ;-6,44;-2,58;0,69;4,85;10,95;-11,57;-2,61;10,1;14,59;61,17
228;Obere Großhartmannsdorfer Teich;1971-2000 [Mio. $m^3/y$] ;0,73;0,75;0,76;0,77;0,79;0,71;0,74;0,76;0,78;0,85
229;Lon: 13,32640193°;2021-2050 [\%] ;-19,36;3,43;8,16;7,88;20,23;-12,3;7,64;12,48;18,97;29,89
230;Lat: 50,78367782°;2036-2065 [\%] ;-23,15;2,54;4,73;8,15;22,79;-11,68;8,99;17,19;20,01;31,38
231;EZG: 1,91 $km^2$;2069-2098 [\%] ;-20,81;-1,25;8,17;10,16;19,51;-29,08;4,37;17,19;23,36;52,34
232;Obermaubach Staustufe;1971-2000 [Mio. $m^3/y$] ;312,43;320,65;325,36;330,3;337,24;303,69;324,83;329,96;336,03;357,38
233;Lon: 6,446597222°;2021-2050 [\%] ;-7,47;-3,25;7,36;8,7;20,43;-10,09;-1,75;4,77;11,31;20,29
234;Lat: 50,71521111°;2036-2065 [\%] ;-14,57;-4,39;6,77;8,95;19,44;-15,98;0,78;4,86;11,9;17,61
235;EZG: 668,86 $km^2$;2069-2098 [\%] ;-10,84;-1,37;3,74;10,59;17,24;-25,87;-2,36;9,74;15,31;30,11
236;Obersaidaer Teich;1971-2000 [Mio. $m^3/y$] ;1,58;1,59;1,61;1,65;1,68;1,51;1,59;1,61;1,65;1,83
237;Lon: 13,33629167°;2021-2050 [\%] ;-19,18;2,41;8,3;7,76;20,63;-12,49;6,03;12,96;18,39;25,14
238;Lat: 50,77095833°;2036-2065 [\%] ;-23,01;3,82;4,55;7,73;22,5;-11,86;8,98;17,18;19,77;27,36
239;EZG: 3,82 $km^2$;2069-2098 [\%] ;-20,89;-0,42;8,61;9,93;19,24;-30,27;2,81;15,66;21,52;44,22
240;Ohra-Talsperre;1971-2000 [Mio. $m^3/y$] ;10,74;10,93;11,06;11,23;11,76;10,15;10,99;11,18;11,48;12,01
241;Lon: 10,7176498°;2021-2050 [\%] ;-14,1;-1,44;3,62;6,43;12,06;-1,68;0,82;5,85;6,41;21,09
242;Lat: 50,76407894°;2036-2065 [\%] ;-9,62;-2,39;0,75;1,89;12,6;-7,62;-1,61;6,38;9,75;24,57
243;EZG: 17,19 $km^2$;2069-2098 [\%] ;-6,87;1,49;4,71;5,92;9,84;-21,69;-3,68;6,29;13,96;35,46
244;Oker-Talsperre;1971-2000 [Mio. $m^3/y$] ;69,26;70,04;70,48;71,53;73,9;65,89;70,43;71,34;72,38;79,19
245;Lon: 10,45831944°;2021-2050 [\%] ;-12,96;-2,04;0,42;6,12;15,54;-7,27;-0,52;4,73;6,73;8,32
246;Lat: 51,85068056°;2036-2065 [\%] ;-9,18;-4,26;1,52;4,95;12,35;-2,74;-2,25;3,96;8,65;11,3
247;EZG: 85,84 $km^2$;2069-2098 [\%] ;-7,11;-0,48;1,09;3,9;9,66;-17,86;-2,68;5,11;12,11;27,74
248;Olef-Talsperre;1971-2000 [Mio. $m^3/y$] ;9,37;9,6;9,7;9,83;10,15;9,05;9,72;9,84;10,09;10,91
249;Lon: 6,421080556°;2021-2050 [\%] ;-8,41;-3,63;5,37;8,29;18,37;-8,81;-2,56;3,91;9,55;16,94
250;Lat: 50,49530556°;2036-2065 [\%] ;-14,39;-5,41;7,17;8,63;16,56;-14,52;0,88;4,87;9,07;15,72
251;EZG: 17,13 $km^2$;2069-2098 [\%] ;-9,78;0,88;3,89;9,58;15,22;-22,77;-2,24;7,51;12,6;25,73
252;Perlenbach-Talsperre;1971-2000 [Mio. $m^3/y$] ;15,37;15,75;15,9;16,0;16,37;14,81;15,85;16,13;16,3;16,98
253;Lon: 6,239147222°;2021-2050 [\%] ;-8,33;-3,01;2,05;7,71;16,12;-6,56;-3,69;2,43;8,34;14,3
254;Lat: 50,53884722°;2036-2065 [\%] ;-13,48;-4,79;2,94;6,85;16,89;-12,23;-1,31;2,87;7,79;18,47
255;EZG: 23,0 $km^2$;2069-2098 [\%] ;-9,65;-0,14;2,8;7,06;13,49;-17,39;-5,24;5,41;10,27;30,6
256;Primstalsperre;1971-2000 [Mio. $m^3/y$] ;29,69;31,02;31,28;31,64;32,71;28,04;31,22;31,78;32,38;34,21
257;Lon: 6,979952778°;2021-2050 [\%] ;-10,49;0,02;4,18;6,7;12,73;-3,64;-0,04;1,42;6,4;13,04
258;Lat: 49,61527222°;2036-2065 [\%] ;-16,03;-4,2;5,99;7,16;8,01;-3,14;0,34;3,47;7,26;26,14
259;EZG: 48,85 $km^2$;2069-2098 [\%] ;-6,73;-0,43;3,53;9,6;13,46;-16,48;-4,63;6,71;12,76;40,37
260;Radeburg I;1971-2000 [Mio. $m^3/y$] ;62,46;64,84;65,63;67,38;73,9;61,73;64,48;65,63;67,52;74,47
261;Lon: 13,74036389°;2021-2050 [\%] ;-8,94;4,82;15,18;13,91;18,24;1,67;14,14;19,9;27,51;48,51
262;Lat: 51,21429444°;2036-2065 [\%] ;-8,89;0,08;8,87;15,08;18,87;-12,64;19,72;25,06;34,19;64,77
263;EZG: 284,03 $km^2$;2069-2098 [\%] ;-12,43;4,68;9,85;24,24;19,96;-32,98;20,15;30,42;42,21;108,17
264;Rappbode-Talsperre;1971-2000 [Mio. $m^3/y$] ;45,07;46,19;46,64;47,35;49,71;44,19;46,33;47,11;47,78;51,84
265;Lon: 10,87999596°;2021-2050 [\%] ;-11,34;1,77;5,78;7,21;27,66;-9,87;2,92;9,64;13,59;21,03
266;Lat: 51,73186515°;2036-2065 [\%] ;-14,71;1,56;3,97;7,65;22,33;-5,14;2,89;8,96;17,22;19,39
267;EZG: 112,3 $km^2$;2069-2098 [\%] ;-10,27;6,29;7,8;7,71;17,53;-20,59;5,15;14,41;25,77;39,85
268;Rauschenbach-Talsperre;1971-2000 [Mio. $m^3/y$] ;30,47;31,39;31,89;32,35;33,57;28,8;30,88;31,65;32,4;35,75
269;Lon: 13,5001°;2021-2050 [\%] ;-16,13;-2,18;6,27;9,32;13,42;-4,27;4,61;8,18;13,77;11,21
270;Lat: 50,69453056°;2036-2065 [\%] ;-17,63;1,79;4,87;8,7;17,67;-12,64;7,59;10,07;16,79;17,37
271;EZG: 72,68 $km^2$;2069-2098 [\%] ;-18,43;0,94;6,46;12,47;16,26;-38,04;-2,23;11,93;20,5;24,95
272;Riveris-Talsperre;1971-2000 [Mio. $m^3/y$] ;15,29;16,1;16,41;16,59;17,22;14,27;16,29;16,7;17,01;18,26
273;Lon: 6,763786111°;2021-2050 [\%] ;-9,99;-6,56;3,6;5,4;14,23;-3,63;-2,55;1,12;7,59;14,35
274;Lat: 49,70688056°;2036-2065 [\%] ;-16,17;-4,79;2,46;7,17;6,73;-2,39;0,52;-0,02;8,72;29,3
275;EZG: 31,24 $km^2$;2069-2098 [\%] ;-6,13;-2,18;2,55;11,82;14,63;-20,65;-7,24;2,96;15,07;49,29
276;Rurtalsperre Schwammenauel;1971-2000 [Mio. $m^3/y$] ;256,41;263,1;266,41;270,62;277,19;249,36;266,23;270,07;275,72;294,79
277;Lon: 6,440038889°;2021-2050 [\%] ;-7,77;-3,7;7,09;8,71;19,76;-10,45;-1,95;4,74;10,41;19,45
278;Lat: 50,63682222°;2036-2065 [\%] ;-14,83;-5,02;6,7;8,8;18,47;-16,26;1,03;4,92;11,16;18,01
279;EZG: 535,15 $km^2$;2069-2098 [\%] ;-10,68;-1,02;3,76;10,15;16,47;-25,48;-1,74;9,13;14,82;30,03
280;Saidenbach-Talsperre;1971-2000 [Mio. $m^3/y$] ;0,63;0,66;0,67;0,69;0,7;0,62;0,66;0,67;0,69;0,8
281;Lon: 13,22590172°;2021-2050 [\%] ;-19,74;5,21;8,74;10,7;24,55;-15,55;11,08;14,7;23,52;23,98
282;Lat: 50,73514073°;2036-2065 [\%] ;-23,63;3,24;5,97;11,76;26,09;-14,34;11,21;19,63;23,93;34,66
283;EZG: 1,91 $km^2$;2069-2098 [\%] ;-20,27;-0,26;7,34;12,44;23,74;-31,9;6,85;20,89;28,53;59,88
284;Schadebach I (Krippehna);1971-2000 [Mio. $m^3/y$] ;3,42;3,55;3,67;4,06;4,46;3,16;3,55;3,76;3,97;4,46
285;Lon: 12,50261667°;2021-2050 [\%] ;-28,16;11,26;25,82;24,27;51,6;-8,8;20,63;39,36;51,02;109,85
286;Lat: 51,53534444°;2036-2065 [\%] ;-10,56;8,74;15,05;25,96;28,2;5,62;37,95;47,03;56,49;161,17
287;EZG: 45,11 $km^2$;2069-2098 [\%] ;-32,46;22,95;28,76;26,52;57,89;8,91;43,64;64,58;90,22;238,83
288;Scheibe-Alsbach-Talsperre;1971-2000 [Mio. $m^3/y$] ;4,06;4,14;4,2;4,28;4,47;3,84;4,15;4,27;4,38;4,66
289;Lon: 11,07728611°;2021-2050 [\%] ;-15,02;-3,78;1,15;3,59;14,17;-2,08;-1,13;5,2;7,7;16,9
290;Lat: 50,48968611°;2036-2065 [\%] ;-8,07;-3,54;-0,81;1,03;14,31;-4,45;-1,47;6,18;9,0;26,09
291;EZG: 5,76 $km^2$;2069-2098 [\%] ;-8,11;-2,28;3,39;4,7;10,29;-17,1;-0,99;6,18;15,58;36,37
292;Schevelinger-Talsperre;1971-2000 [Mio. $m^3/y$] ;12,21;12,44;12,53;12,63;12,94;11,38;12,53;12,68;12,91;13,35
293;Lon: 7,431294444°;2021-2050 [\%] ;-6,48;-3,66;1,27;6,32;13,58;-3,85;0,05;5,04;7,66;18,39
294;Lat: 51,13586111°;2036-2065 [\%] ;-11,94;-2,32;1,8;7,36;11,55;-4,53;-0,31;5,43;9,15;31,38
295;EZG: 15,15 $km^2$;2069-2098 [\%] ;-6,27;-3,06;0,8;4,72;10,29;-10,32;-2,18;9,5;15,12;58,14
296;Schmalwasser-Talsperre;1971-2000 [Mio. $m^3/y$] ;8,43;8,54;8,65;8,78;9,21;7,91;8,6;8,78;8,98;9,4
297;Lon: 10,64418333°;2021-2050 [\%] ;-14,47;-0,98;3,61;6,29;11,52;-1,72;0,95;5,35;6,68;22,42
298;Lat: 50,776475°;2036-2065 [\%] ;-9,84;-2,18;0,92;1,84;12,28;-8,33;-1,59;5,47;9,88;25,76
299;EZG: 13,37 $km^2$;2069-2098 [\%] ;-6,88;1,37;4,3;5,27;9,77;-21,16;-4,01;6,1;14,07;36,57
300;Schönbach;1971-2000 [Mio. $m^3/y$] ;0,49;0,52;0,53;0,55;0,6;0,47;0,51;0,54;0,56;0,6
301;Lon: 12,76246667°;2021-2050 [\%] ;-18,35;-2,38;13,84;18,73;42,45;-12,58;17,38;31,68;40,14;91,1
302;Lat: 51,15601944°;2036-2065 [\%] ;-14,84;-1,32;5,21;21,89;27,1;-1,54;21,74;32,96;45,91;125,08
303;EZG: 3,79 $km^2$;2069-2098 [\%] ;-23,94;4,19;16,51;21,88;24,63;-18,15;29,29;41,2;52,64;185,53
304;Schönbrunn-Talsperre;1971-2000 [Mio. $m^3/y$] ;14,78;15,22;15,4;15,64;16,19;14,16;15,07;15,43;15,72;16,53
305;Lon: 10,88105278°;2021-2050 [\%] ;-16,16;-2,08;0,67;6,15;16,23;-3,51;-0,98;4,9;10,02;17,71
306;Lat: 50,54346389°;2036-2065 [\%] ;-7,36;-4,02;-0,62;2,27;16,5;-3,94;-0,33;5,75;10,94;28,28
307;EZG: 24,92 $km^2$;2069-2098 [\%] ;-8,5;-0,25;2,77;3,06;10,58;-19,44;-1,17;6,32;16,75;43,57
308;Sengbachtalsperre;1971-2000 [Mio. $m^3/y$] ;6,28;6,4;6,45;6,49;6,63;6,08;6,42;6,53;6,67;6,84
309;Lon: 7,147379017°;2021-2050 [\%] ;-9,72;-1,23;1,64;7,88;13,01;-7,19;0,36;4,38;7,1;24,72
310;Lat: 51,12391302°;2036-2065 [\%] ;-13,76;-3,01;2,16;6,88;15,45;-13,03;2,12;5,58;10,28;40,97
311;EZG: 9,47 $km^2$;2069-2098 [\%] ;-10,15;-2,24;1,81;6,7;14,03;-17,89;-1,37;11,0;19,38;76,78
312;Sorpesee-Talsperre;1971-2000 [Mio. $m^3/y$] ;30,56;31,07;31,4;31,68;32,97;29,06;31,26;31,93;32,32;33,57
313;Lon: 7,967472222°;2021-2050 [\%] ;-10,09;-2,95;3,89;8,57;14,83;-8,72;-0,73;6,41;10,56;18,79
314;Lat: 51,3509°;2036-2065 [\%] ;-14,93;-3,14;0,78;6,25;14,39;-7,06;-0,67;5,05;10,48;25,11
315;EZG: 52,86 $km^2$;2069-2098 [\%] ;-8,59;-0,81;1,09;5,59;10,34;-15,58;-3,67;7,72;15,29;38,52
316;Sosa-Talsperre;1971-2000 [Mio. $m^3/y$] ;6,57;6,67;6,83;6,89;7,25;6,43;6,72;6,83;6,92;7,44
317;Lon: 12,64384444°;2021-2050 [\%] ;-11,59;1,92;4,15;7,8;9,48;-2,55;3,46;9,73;12,03;21,91
318;Lat: 50,49°;2036-2065 [\%] ;-11,4;2,24;4,11;4,89;12,4;-5,48;2,14;9,64;13,62;29,79
319;EZG: 11,53 $km^2$;2069-2098 [\%] ;-13,39;-0,55;2,83;7,81;11,8;-26,18;-2,07;7,65;14,62;39,27
320;Steinbach-Talsperre (RP);1971-2000 [Mio. $m^3/y$] ;20,34;21,35;21,72;21,95;22,98;19,39;21,58;22,12;22,52;24,05
321;Lon: 7,216577879°;2021-2050 [\%] ;-12,09;2,58;5,4;7,42;13,06;-7,42;0,32;1,04;6,69;16,9
322;Lat: 49,77789755°;2036-2065 [\%] ;-17,26;-2,77;5,41;10,3;8,8;-4,95;0,35;3,91;7,62;24,0
323;EZG: 44,85 $km^2$;2069-2098 [\%] ;-9,02;-0,14;4,11;15,04;15,44;-26,31;-5,47;4,9;11,59;34,07
324;Stollberg-Talsperre;1971-2000 [Mio. $m^3/y$] ;2,31;2,37;2,41;2,46;2,52;2,25;2,35;2,43;2,46;2,68
325;Lon: 12,80616111°;2021-2050 [\%] ;-12,76;0,34;4,59;6,95;20,91;-6,11;6,74;13,29;19,0;37,27
326;Lat: 50,71430833°;2036-2065 [\%] ;-12,44;-1,17;4,54;6,52;15,38;-7,18;4,5;13,94;19,21;45,22
327;EZG: 5,74 $km^2$;2069-2098 [\%] ;-15,11;0,19;7,41;8,38;15,99;-30,9;1,76;11,01;25,84;67,94
328;Söse-Talsperre;1971-2000 [Mio. $m^3/y$] ;43,1;43,6;44,18;44,38;45,76;40,75;43,74;44,25;44,85;49,31
329;Lon: 10,31155278°;2021-2050 [\%] ;-14,63;-4,07;0,77;5,72;15,24;-6,42;-1,02;4,39;7,8;8,34
330;Lat: 51,73869167°;2036-2065 [\%] ;-10,95;-5,46;-0,44;4,63;12,7;-5,65;-2,53;4,64;9,8;15,41
331;EZG: 52,33 $km^2$;2069-2098 [\%] ;-9,78;-3,59;-0,74;2,73;6,24;-20,72;-3,79;10,24;15,09;36,7
332;Süptitz;1971-2000 [Mio. $m^3/y$] ;0,63;0,67;0,69;0,74;0,84;0,63;0,69;0,73;0,77;0,92
333;Lon: 12,91719167°;2021-2050 [\%] ;-27,45;8,4;30,6;28,77;61,63;-5,91;27,15;39,47;54,91;96,38
334;Lat: 51,56759444°;2036-2065 [\%] ;-9,16;8,37;20,25;25,47;30,81;10,31;39,94;44,89;60,83;143,69
335;EZG: 9,38 $km^2$;2069-2098 [\%] ;-28,7;19,73;32,62;33,74;43,13;-3,44;35,19;62,99;86,59;208,77
336;Tambach-Dietharz-Talsperre;1971-2000 [Mio. $m^3/y$] ;34,61;34,93;35,26;35,87;37,69;32,23;35,16;35,94;36,53;38,27
337;Lon: 10,62191111°;2021-2050 [\%] ;-15,9;-1,68;4,17;5,86;11,87;-2,2;0,93;4,82;8,68;25,92
338;Lat: 50,78712222°;2036-2065 [\%] ;-10,55;-2,69;0,95;2,23;12,78;-7,5;-1,37;5,39;11,88;29,62
339;EZG: 59,19 $km^2$;2069-2098 [\%] ;-7,4;-0,18;3,25;5,88;9,47;-22,05;-4,26;5,33;15,86;41,98
340;Tautenhain;1971-2000 [Mio. $m^3/y$] ;0,27;0,28;0,29;0,3;0,32;0,26;0,28;0,29;0,3;0,33
341;Lon: 12,69405278°;2021-2050 [\%] ;-16,91;0,45;10,93;16,74;36,01;-6,39;17,78;28,22;37,31;83,03
342;Lat: 51,08916111°;2036-2065 [\%] ;-12,1;-1,07;5,23;22,54;27,1;1,94;21,34;28,49;43,97;113,15
343;EZG: 1,9 $km^2$;2069-2098 [\%] ;-19,44;4,72;13,89;21,52;26,06;-13,93;20,6;38,76;56,89;172,33
344;Teufelsteich-Talsperre;1971-2000 [Mio. $m^3/y$] ;0,73;0,74;0,78;0,81;0,86;0,72;0,75;0,77;0,81;0,91
345;Lon: 11,116475°;2021-2050 [\%] ;-15,92;7,1;8,74;14,2;38,24;-12,36;9,43;16,38;21,17;33,8
346;Lat: 51,62022778°;2036-2065 [\%] ;-18,34;5,56;6,82;11,21;29,48;-6,39;8,81;21,57;25,64;28,04
347;EZG: 3,75 $km^2$;2069-2098 [\%] ;-18,39;13,51;18,76;19,21;39,9;-31,99;10,15;25,81;36,73;51,91
348;Verse-Talsperre;1971-2000 [Mio. $m^3/y$] ;23,09;23,57;23,81;24,18;24,73;22,18;23,84;24,14;24,48;25,73
349;Lon: 7,685183333°;2021-2050 [\%] ;-5,41;-0,29;2,34;5,26;13,45;-5,96;-2,34;3,73;7,54;11,99
350;Lat: 51,19261667°;2036-2065 [\%] ;-11,07;-1,56;2,5;5,07;9,3;-4,16;-2,87;5,05;8,71;19,65
351;EZG: 26,5 $km^2$;2069-2098 [\%] ;-5,17;-1,63;2,49;3,54;8,79;-13,58;-3,68;7,91;13,95;35,85
352;Wahnbach-Talsperre;1971-2000 [Mio. $m^3/y$] ;36,87;37,85;38,15;38,33;39,61;35,53;37,77;38,45;39,3;41,07
353;Lon: 7,284747222°;2021-2050 [\%] ;-9,76;-3,41;3,01;11,13;13,68;-7,38;2,48;7,38;11,48;31,27
354;Lat: 50,804975°;2036-2065 [\%] ;-12,44;0,78;2,83;7,65;12,77;-5,53;3,31;8,41;11,45;47,31
355;EZG: 72,38 $km^2$;2069-2098 [\%] ;-9,68;-5,09;4,18;7,49;14,68;-14,65;0,31;12,66;23,3;90,02
356;Wehebach-Talsperre;1971-2000 [Mio. $m^3/y$] ;13,84;14,21;14,51;14,71;14,97;13,29;14,41;14,62;15,02;15,74
357;Lon: 6,347622397°;2021-2050 [\%] ;-8,25;-0,63;8,24;11,72;21,9;-8,92;-1,37;6,43;11,15;19,68
358;Lat: 50,75123702°;2036-2065 [\%] ;-13,69;-0,59;5,82;10,24;21,38;-11,88;0,18;4,84;11,79;16,89
359;EZG: 32,49 $km^2$;2069-2098 [\%] ;-11,77;-1,91;5,31;9,75;19,93;-28,85;-4,37;5,75;11,05;38,06
360;Weida-Talsperre;1971-2000 [Mio. $m^3/y$] ;25,23;25,64;26,67;27,39;29,7;23,89;25,68;26,26;27,81;30,96
361;Lon: 11,99395556°;2021-2050 [\%] ;-17,39;2,7;7,86;10,37;38,79;0,24;15,86;27,21;30,3;47,3
362;Lat: 50,70565278°;2036-2065 [\%] ;-5,08;-0,16;5,15;16,61;45,09;1,21;17,05;33,32;35,2;67,01
363;EZG: 166,61 $km^2$;2069-2098 [\%] ;-19,12;5,67;10,61;21,3;25,56;-47,04;14,34;35,07;51,01;93,18
364;Werda-Talsperre;1971-2000 [Mio. $m^3/y$] ;5,94;6,09;6,16;6,27;6,41;5,76;6,03;6,16;6,25;6,68
365;Lon: 12,30681111°;2021-2050 [\%] ;-17,63;-3,48;3,08;6,31;17,09;-5,88;3,24;10,69;14,92;31,37
366;Lat: 50,44879444°;2036-2065 [\%] ;-13,5;-0,93;1,63;4,19;21,6;-6,35;1,32;10,71;16,62;40,67
367;EZG: 13,46 $km^2$;2069-2098 [\%] ;-17,07;-4,26;-0,86;8,17;18,04;-35,04;-3,76;12,11;22,61;61,33
368;Wiehl-Talsperre;1971-2000 [Mio. $m^3/y$] ;34,13;34,46;34,77;35,09;35,98;32,36;34,8;35,29;35,58;37,0
369;Lon: 7,667577778°;2021-2050 [\%] ;-8,47;-3,44;1,68;7,42;13,19;-7,14;-0,82;4,05;8,08;20,31
370;Lat: 50,93651944°;2036-2065 [\%] ;-13,36;-1,24;0,62;7,88;12,8;-5,56;1,18;5,61;8,96;33,42
371;EZG: 47,55 $km^2$;2069-2098 [\%] ;-5,4;-2,1;1,64;5,54;9,16;-15,42;-0,53;9,94;16,83;62,25
372;Zeisigteich;1971-2000 [Mio. $m^3/y$] ;1,04;1,08;1,12;1,16;1,32;0,98;1,11;1,16;1,21;1,42
373;Lon: 12,90833333°;2021-2050 [\%] ;-17,91;2,49;15,74;20,68;46,14;1,96;22,9;30,23;37,24;59,26
374;Lat: 51,30269722°;2036-2065 [\%] ;-10,93;4,31;11,44;20,88;26,16;5,21;24,09;34,72;48,61;83,42
375;EZG: 9,44 $km^2$;2069-2098 [\%] ;-28,32;11,12;22,26;28,96;29,94;-19,77;31,43;47,76;58,98;142,71
376;Zeulenrodaer-Talsperre;1971-2000 [Mio. $m^3/y$] ;21,82;22,07;22,95;23,55;25,51;20,51;22,1;22,53;23,84;26,48
377;Lon: 11,97593056°;2021-2050 [\%] ;-17,5;2,61;7,29;9,8;38,3;1,53;14,44;26,86;30,62;46,19
378;Lat: 50,66995833°;2036-2065 [\%] ;-5,81;-0,37;5,09;16,24;44,63;2,19;16,55;32,63;34,93;65,46
379;EZG: 139,83 $km^2$;2069-2098 [\%] ;-19,77;5,41;10,55;21,37;25,05;-47,62;13,53;34,68;50,56;90,33
380;Zillierbach-Talsperre;1971-2000 [Mio. $m^3/y$] ;1,71;1,76;1,8;1,84;1,96;1,7;1,77;1,8;1,83;2,02
381;Lon: 10,77881667°;2021-2050 [\%] ;-7,61;1,98;5,05;6,81;21,08;-11,37;3,13;7,04;13,98;21,9
382;Lat: 51,79166944°;2036-2065 [\%] ;-9,11;0,88;6,2;5,93;16,19;-7,98;2,73;8,15;13,89;14,39
383;EZG: 3,73 $km^2$;2069-2098 [\%] ;-10,34;4,95;8,06;10,08;20,9;-24,55;4,88;11,98;21,78;28,39
