Dam,lon,lat,faccAabach-Talsperre,1985-01-01,8.7202,51.4969,4.77224340348725,
Aabach-Talsperre,2035-01-01,8.7202,51.4969,12.5213856662215,
Aabach-Talsperre,2050-01-01,8.7202,51.4969,12.4647641972674,
Aabach-Talsperre,2083-01-01,8.7202,51.4969,18.7778043300975,
Altenberg,1985-01-01,13.733,50.7646,0.715952832538613,
Altenberg,2035-01-01,13.733,50.7646,11.782703242884,
Altenberg,2050-01-01,13.733,50.7646,13.2905284427961,
Altenberg,2083-01-01,13.733,50.7646,16.2122962917761,
Amselbach,1985-01-01,12.5736,50.6373,0.224721003669375,
Amselbach,2035-01-01,12.5736,50.6373,22.440283591239,
Amselbach,2050-01-01,12.5736,50.6373,24.0583489224054,
Amselbach,2083-01-01,12.5736,50.6373,31.8505518138052,
Breitenbach-Talsperre,1985-01-01,8.08034,50.9823,9.27025040156028,
Breitenbach-Talsperre,2035-01-01,8.08034,50.9823,9.8095827851256,
Breitenbach-Talsperre,2050-01-01,8.08034,50.9823,9.02112534044639,
Breitenbach-Talsperre,2083-01-01,8.08034,50.9823,17.84537321721,
Calbitz,1985-01-01,13.0299,51.3237,2.72524597592855,
Calbitz,2035-01-01,13.0299,51.3237,36.4927062745801,
Calbitz,2050-01-01,13.0299,51.3237,45.8369110533713,
Calbitz,2083-01-01,13.0299,51.3237,60.5532427175509,
Carlsfeld-Talsperre,1985-01-01,12.5966,50.4241,1.91008263322398,
Carlsfeld-Talsperre,2035-01-01,12.5966,50.4241,9.59218544958866,
Carlsfeld-Talsperre,2050-01-01,12.5966,50.4241,12.0249653902768,
Carlsfeld-Talsperre,2083-01-01,12.5966,50.4241,13.2250050571641,
Cranzahl-Talsperre,1985-01-01,13.0033,50.5043,1.01616195692296,
Cranzahl-Talsperre,2035-01-01,13.0033,50.5043,16.5352309806156,
Cranzahl-Talsperre,2050-01-01,13.0033,50.5043,17.8316907313568,
Cranzahl-Talsperre,2083-01-01,13.0033,50.5043,19.4650390687742,
Doktorteich,1985-01-01,12.8928,51.323,0.736859632094604,
Doktorteich,2035-01-01,12.8928,51.323,38.1777080723145,
Doktorteich,2050-01-01,12.8928,51.323,48.7786587448264,
Doktorteich,2083-01-01,12.8928,51.323,58.4144242499231,
Drei_Teiche,1985-01-01,12.8956,51.3186,0.736859632094604,
Drei_Teiche,2035-01-01,12.8956,51.3186,38.1777080723145,
Drei_Teiche,2050-01-01,12.8956,51.3186,48.7786587448264,
Drei_Teiche,2083-01-01,12.8956,51.3186,58.4144242499231,
Dreilägerbach-Talsperre,1985-01-01,6.20901,50.6599,5.7189539918612,
Dreilägerbach-Talsperre,2035-01-01,6.20901,50.6599,7.02482709955609,
Dreilägerbach-Talsperre,2050-01-01,6.20901,50.6599,8.04545757117154,
Dreilägerbach-Talsperre,2083-01-01,6.20901,50.6599,9.11004815747313,
Dröda-Talsperre,1985-01-01,12.0574,50.3978,4.64370946348006,
Dröda-Talsperre,2035-01-01,12.0574,50.3978,26.2917570200663,
Dröda-Talsperre,2050-01-01,12.0574,50.3978,30.4207044507611,
Dröda-Talsperre,2083-01-01,12.0574,50.3978,43.9512820764479,
Dörnthaler_Teich-Talsperre,1985-01-01,13.3404,50.7254,1.91307339456551,
Dörnthaler_Teich-Talsperre,2035-01-01,13.3404,50.7254,17.3628934723568,
Dörnthaler_Teich-Talsperre,2050-01-01,13.3404,50.7254,19.5972674893066,
Dörnthaler_Teich-Talsperre,2083-01-01,13.3404,50.7254,21.5254980519026,
Ecker-Talsperre,1985-01-01,10.5796,51.8407,9.79154689701611,
Ecker-Talsperre,2035-01-01,10.5796,51.8407,2.29410559257016,
Ecker-Talsperre,2050-01-01,10.5796,51.8407,3.69406098554128,
Ecker-Talsperre,2083-01-01,10.5796,51.8407,6.1006753858642,
Eibenstock-Talsperre,1985-01-01,12.5864,50.5324,2.63008900724113,
Eibenstock-Talsperre,2035-01-01,12.5864,50.5324,14.7430512390817,
Eibenstock-Talsperre,2050-01-01,12.5864,50.5324,17.0693231311951,
Eibenstock-Talsperre,2083-01-01,12.5864,50.5324,20.7928007878032,
Einsiedel-Talsperre,1985-01-01,12.9848,50.7758,0.252245068306577,
Einsiedel-Talsperre,2035-01-01,12.9848,50.7758,21.798616590431,
Einsiedel-Talsperre,2050-01-01,12.9848,50.7758,24.0572641723948,
Einsiedel-Talsperre,2083-01-01,12.9848,50.7758,31.4222959583136,
Ennepe-Talsperre,1985-01-01,7.40925,51.2408,17.980795370114,
Ennepe-Talsperre,2035-01-01,7.40925,51.2408,8.53980054522876,
Ennepe-Talsperre,2050-01-01,7.40925,51.2408,9.27753641595023,
Ennepe-Talsperre,2083-01-01,7.40925,51.2408,15.0460328977003,
Erletor-Talsperre,1985-01-01,10.7469,50.5851,2.393320004557,
Erletor-Talsperre,2035-01-01,10.7469,50.5851,8.78658473603778,
Erletor-Talsperre,2050-01-01,10.7469,50.5851,10.6870996917142,
Erletor-Talsperre,2083-01-01,10.7469,50.5851,16.3813682444541,
Eschbach-Talsperre,1985-01-01,7.23185,51.1594,4.28525362482684,
Eschbach-Talsperre,2035-01-01,7.23185,51.1594,7.34689701538776,
Eschbach-Talsperre,2050-01-01,7.23185,51.1594,8.48565352082312,
Eschbach-Talsperre,2083-01-01,7.23185,51.1594,15.6314565849854,
Frauenau-Talsperre,1985-01-01,13.3346,49.0133,8.86464067193639,
Frauenau-Talsperre,2035-01-01,13.3346,49.0133,9.18512912160949,
Frauenau-Talsperre,2050-01-01,13.3346,49.0133,9.46215681774888,
Frauenau-Talsperre,2083-01-01,13.3346,49.0133,15.2229453462915,
Fuelbecke-Talsperre,1985-01-01,7.66307,51.2482,1.18413472371359,
Fuelbecke-Talsperre,2035-01-01,7.66307,51.2482,8.94403273038884,
Fuelbecke-Talsperre,2050-01-01,7.66307,51.2482,9.31602061413966,
Fuelbecke-Talsperre,2083-01-01,7.66307,51.2482,15.2673240414147,
Fürwigge-Talsperre,1985-01-01,7.68788,51.1496,4.18031090858088,
Fürwigge-Talsperre,2035-01-01,7.68788,51.1496,7.18242630092308,
Fürwigge-Talsperre,2050-01-01,7.68788,51.1496,7.99743562691512,
Fürwigge-Talsperre,2083-01-01,7.68788,51.1496,13.248062635828,
Genkel-Talsperre,1985-01-01,7.62836,51.0634,3.14244548814407,
Genkel-Talsperre,2035-01-01,7.62836,51.0634,7.61081922372527,
Genkel-Talsperre,2050-01-01,7.62836,51.0634,9.04797198249519,
Genkel-Talsperre,2083-01-01,7.62836,51.0634,14.8114594397767,
Gottleuba-Talsperre,1985-01-01,13.9311,50.8371,4.10035275421662,
Gottleuba-Talsperre,2035-01-01,13.9311,50.8371,18.4181871934903,
Gottleuba-Talsperre,2050-01-01,13.9311,50.8371,20.8337795958792,
Gottleuba-Talsperre,2083-01-01,13.9311,50.8371,25.0404900973811,
Grane-Talsperre,1985-01-01,10.3773,51.9111,6.19647679485132,
Grane-Talsperre,2035-01-01,10.3773,51.9111,10.2768256502611,
Grane-Talsperre,2050-01-01,10.3773,51.9111,12.1329700790114,
Grane-Talsperre,2083-01-01,10.3773,51.9111,16.976582103524,
Große_Dhünn-Talsperre,1985-01-01,7.19059,51.0662,17.3654775818555,
Große_Dhünn-Talsperre,2035-01-01,7.19059,51.0662,6.18424774840231,
Große_Dhünn-Talsperre,2050-01-01,7.19059,51.0662,8.6633422032631,
Große_Dhünn-Talsperre,2083-01-01,7.19059,51.0662,17.9247776780588,
Haltern-Talsperre,1985-01-01,7.20707,51.7427,111.228682029878,
Haltern-Talsperre,2035-01-01,7.20707,51.7427,17.6132463133141,
Haltern-Talsperre,2050-01-01,7.20707,51.7427,18.664030320753,
Haltern-Talsperre,2083-01-01,7.20707,51.7427,29.4346861659227,
Hasper-Talsperre,1985-01-01,7.41405,51.2991,3.07012771782165,
Hasper-Talsperre,2035-01-01,7.41405,51.2991,10.257868493461,
Hasper-Talsperre,2050-01-01,7.41405,51.2991,9.76744786146891,
Hasper-Talsperre,2083-01-01,7.41405,51.2991,16.6186304917112,
Hegeteich_Ossa,1985-01-01,12.6773,51.0185,0.506508649496063,
Hegeteich_Ossa,2035-01-01,12.6773,51.0185,34.4456371276615,
Hegeteich_Ossa,2050-01-01,12.6773,51.0185,39.7371388001028,
Hegeteich_Ossa,2083-01-01,12.6773,51.0185,57.0861441026226,
Heilenbecke-Talsperre,1985-01-01,7.37269,51.2561,3.3868956131903,
Heilenbecke-Talsperre,2035-01-01,7.37269,51.2561,9.67746888587642,
Heilenbecke-Talsperre,2050-01-01,7.37269,51.2561,9.83212772961424,
Heilenbecke-Talsperre,2083-01-01,7.37269,51.2561,15.8209974293828,
Henne-Talsperre,1985-01-01,8.27247,51.3349,14.3182547332434,
Henne-Talsperre,2035-01-01,8.27247,51.3349,12.609548702246,
Henne-Talsperre,2050-01-01,8.27247,51.3349,12.9254649659026,
Henne-Talsperre,2083-01-01,8.27247,51.3349,15.9367670397149,
Herbringhauser-Talsperre,1985-01-01,7.27325,51.229,1.7392969153745,
Herbringhauser-Talsperre,2035-01-01,7.27325,51.229,8.07865173811947,
Herbringhauser-Talsperre,2050-01-01,7.27325,51.229,9.24815526185693,
Herbringhauser-Talsperre,2083-01-01,7.27325,51.229,14.8050688744948,
Hopfgarten-Talsperre,1985-01-01,11.2042,50.9977,0.976556314883892,
Hopfgarten-Talsperre,2035-01-01,11.2042,50.9977,33.5205069402423,
Hopfgarten-Talsperre,2050-01-01,11.2042,50.9977,39.0938930817403,
Hopfgarten-Talsperre,2083-01-01,11.2042,50.9977,62.6734748619716,
Hullern-Talsperre,1985-01-01,7.26336,51.7464,73.5861710895217,
Hullern-Talsperre,2035-01-01,7.26336,51.7464,18.970698252596,
Hullern-Talsperre,2050-01-01,7.26336,51.7464,19.8819746428397,
Hullern-Talsperre,2083-01-01,7.26336,51.7464,29.0347099916951,
Häuschenteich,1985-01-01,12.9289,51.3005,0.372665255170984,
Häuschenteich,2035-01-01,12.9289,51.3005,36.3259302529461,
Häuschenteich,2050-01-01,12.9289,51.3005,47.6820558068922,
Häuschenteich,2083-01-01,12.9289,51.3005,58.7549006855725,
Innerste-Talsperre,1985-01-01,10.2949,51.9144,26.8688502458409,
Innerste-Talsperre,2035-01-01,10.2949,51.9144,9.36068933068041,
Innerste-Talsperre,2050-01-01,10.2949,51.9144,10.8356811761703,
Innerste-Talsperre,2083-01-01,10.2949,51.9144,15.6082455626067,
Jubach-Talsperre,1985-01-01,7.60818,51.1619,14.9846027950952,
Jubach-Talsperre,2035-01-01,7.60818,51.1619,7.28360878501696,
Jubach-Talsperre,2050-01-01,7.60818,51.1619,8.36038853003203,
Jubach-Talsperre,2083-01-01,7.60818,51.1619,15.1305331412744,
Kalltalsperre,1985-01-01,6.31041,50.6453,6.24165704828184,
Kalltalsperre,2035-01-01,6.31041,50.6453,7.29839387060418,
Kalltalsperre,2050-01-01,6.31041,50.6453,8.42733716156334,
Kalltalsperre,2083-01-01,6.31041,50.6453,8.6160706226016,
Kerspe-Talsperre,1985-01-01,7.49444,51.1234,23.3540118608161,
Kerspe-Talsperre,2035-01-01,7.49444,51.1234,7.47479791900683,
Kerspe-Talsperre,2050-01-01,7.49444,51.1234,9.028342893381,
Kerspe-Talsperre,2083-01-01,7.49444,51.1234,14.9750765138084,
Kettwiger_See,1985-01-01,6.93598,51.3612,1025.75089398256,
Kettwiger_See,2035-01-01,6.93598,51.3612,11.3810846177165,
Kettwiger_See,2050-01-01,6.93598,51.3612,11.8840474580607,
Kettwiger_See,2083-01-01,6.93598,51.3612,17.7321866395486,
Kirchenteich,1985-01-01,12.899,51.3113,0.649504247109297,
Kirchenteich,2035-01-01,12.899,51.3113,37.4795483603473,
Kirchenteich,2050-01-01,12.899,51.3113,48.301653389016,
Kirchenteich,2083-01-01,12.899,51.3113,58.0728064434139,
Kleine_Kinzig,1985-01-01,8.36589,48.3986,10.2043900140486,
Kleine_Kinzig,2035-01-01,8.36589,48.3986,9.33117038664893,
Kleine_Kinzig,2050-01-01,8.36589,48.3986,8.73123088209104,
Kleine_Kinzig,2083-01-01,8.36589,48.3986,12.6243653957628,
Klingenberg-Talsperre,1985-01-01,13.5375,50.9066,16.8977018636084,
Klingenberg-Talsperre,2035-01-01,13.5375,50.9066,15.0133670397055,
Klingenberg-Talsperre,2050-01-01,13.5375,50.9066,16.7660323632751,
Klingenberg-Talsperre,2083-01-01,13.5375,50.9066,18.3878202849944,
Klingerbach,1985-01-01,12.6011,50.6368,0.470902663915353,
Klingerbach,2035-01-01,12.6011,50.6368,21.7516687941046,
Klingerbach,2050-01-01,12.6011,50.6368,24.0558487046198,
Klingerbach,2083-01-01,12.6011,50.6368,31.8816337557014,
Königshütte-Talsperre,1985-01-01,10.8043,51.7363,45.420402511637,
Königshütte-Talsperre,2035-01-01,10.8043,51.7363,8.57010011561355,
Königshütte-Talsperre,2050-01-01,10.8043,51.7363,10.3955925189934,
Königshütte-Talsperre,2083-01-01,10.8043,51.7363,14.1876726483042,
Langer_Rodaer_See,1985-01-01,12.8892,51.282,0.09186857366513,
Langer_Rodaer_See,2035-01-01,12.8892,51.282,38.7847951947884,
Langer_Rodaer_See,2050-01-01,12.8892,51.282,49.4564460984473,
Langer_Rodaer_See,2083-01-01,12.8892,51.282,60.5476972568106,
LehnmühleTalsperre,1985-01-01,13.5928,50.8337,11.506189380618,
LehnmühleTalsperre,2035-01-01,13.5928,50.8337,13.2428182476396,
LehnmühleTalsperre,2050-01-01,13.5928,50.8337,15.4180815682424,
LehnmühleTalsperre,2083-01-01,13.5928,50.8337,18.0008976268415,
Leibis-LichteTalsperre,1985-01-01,11.1737,50.6005,14.2894673039574,
Leibis-LichteTalsperre,2035-01-01,11.1737,50.6005,11.4384140085624,
Leibis-LichteTalsperre,2050-01-01,11.1737,50.6005,12.873823943591,
Leibis-LichteTalsperre,2083-01-01,11.1737,50.6005,20.5732764796164,
Lichtenberg-Talsperre,1985-01-01,13.4542,50.8109,6.88987129817036,
Lichtenberg-Talsperre,2035-01-01,13.4542,50.8109,15.3356549548514,
Lichtenberg-Talsperre,2050-01-01,13.4542,50.8109,17.2833490625748,
Lichtenberg-Talsperre,2083-01-01,13.4542,50.8109,19.4071350807938,
Lister-Talsperre,1985-01-01,7.83726,51.0944,9.16681830012308,
Lister-Talsperre,2035-01-01,7.83726,51.0944,7.96458054097507,
Lister-Talsperre,2050-01-01,7.83726,51.0944,9.50679412411547,
Lister-Talsperre,2083-01-01,7.83726,51.0944,15.8561640660802,
Lössau-Talsperre,1985-01-01,11.894,50.5803,7.60087609436816,
Lössau-Talsperre,2035-01-01,11.894,50.5803,24.2805240769998,
Lössau-Talsperre,2050-01-01,11.894,50.5803,29.0804057403187,
Lössau-Talsperre,2083-01-01,11.894,50.5803,41.3647556331007,
Mauthaus-Talsperre,1985-01-01,11.4897,50.3288,7.91373506206475,
Mauthaus-Talsperre,2035-01-01,11.4897,50.3288,12.902794713111,
Mauthaus-Talsperre,2050-01-01,11.4897,50.3288,14.268275775781,
Mauthaus-Talsperre,2083-01-01,11.4897,50.3288,23.1667074858664,
Muldenberg_-Talsperre,1985-01-01,12.4035,50.4111,4.44106340214612,
Muldenberg_-Talsperre,2035-01-01,12.4035,50.4111,13.1433124730521,
Muldenberg_-Talsperre,2050-01-01,12.4035,50.4111,14.6863275443549,
Muldenberg_-Talsperre,2083-01-01,12.4035,50.4111,17.7809017758887,
Neumühlenteich_Schildau,1985-01-01,12.9465,51.4697,0.759144628340757,
Neumühlenteich_Schildau,2035-01-01,12.9465,51.4697,50.0182375275782,
Neumühlenteich_Schildau,2050-01-01,12.9465,51.4697,57.7333679043718,
Neumühlenteich_Schildau,2083-01-01,12.9465,51.4697,75.9530421624027,
Neunzehnhain_I-Talsperre,1985-01-01,13.1629,50.7338,4.08874978179147,
Neunzehnhain_I-Talsperre,2035-01-01,13.1629,50.7338,19.3602266421434,
Neunzehnhain_I-Talsperre,2050-01-01,13.1629,50.7338,22.2883515999531,
Neunzehnhain_I-Talsperre,2083-01-01,13.1629,50.7338,23.1152985295973,
Neunzehnhain_II-Talsperre,1985-01-01,13.1526,50.713,1.93784738934222,
Neunzehnhain_II-Talsperre,2035-01-01,13.1526,50.713,18.2879320906129,
Neunzehnhain_II-Talsperre,2050-01-01,13.1526,50.713,21.1698638486163,
Neunzehnhain_II-Talsperre,2083-01-01,13.1526,50.713,23.3338404999634,
Neustadt-Talsperre,1985-01-01,10.8646,51.5788,1.18188143243783,
Neustadt-Talsperre,2035-01-01,10.8646,51.5788,13.6724059221019,
Neustadt-Talsperre,2050-01-01,10.8646,51.5788,15.6265577740471,
Neustadt-Talsperre,2083-01-01,10.8646,51.5788,26.3362681414132,
Neye-Talsperre,1985-01-01,7.3932,51.1373,1.2192550391362,
Neye-Talsperre,2035-01-01,7.3932,51.1373,6.82347264149401,
Neye-Talsperre,2050-01-01,7.3932,51.1373,9.83081749025468,
Neye-Talsperre,2083-01-01,7.3932,51.1373,14.7095954424995,
Obere_Großhartmannsdorfer_Teich,1985-01-01,13.3264,50.7837,0.295953232309304,
Obere_Großhartmannsdorfer_Teich,2035-01-01,13.3264,50.7837,18.9133375722182,
Obere_Großhartmannsdorfer_Teich,2050-01-01,13.3264,50.7837,20.0675010708762,
Obere_Großhartmannsdorfer_Teich,2083-01-01,13.3264,50.7837,23.5438774767524,
Obermaubach_Staustufe,1985-01-01,6.4466,50.7152,127.96499803683,
Obermaubach_Staustufe,2035-01-01,6.4466,50.7152,11.2084075784136,
Obermaubach_Staustufe,2050-01-01,6.4466,50.7152,11.8250084280089,
Obermaubach_Staustufe,2083-01-01,6.4466,50.7152,15.4267208910149,
Obersaidaer_Teich,1985-01-01,13.3363,50.771,0.626767123326978,
Obersaidaer_Teich,2035-01-01,13.3363,50.771,18.5154164615657,
Obersaidaer_Teich,2050-01-01,13.3363,50.771,19.8145231089186,
Obersaidaer_Teich,2083-01-01,13.3363,50.771,21.707014512904,
Ohra-Talsperre,1985-01-01,10.7176,50.7641,4.3691426933068,
Ohra-Talsperre,2035-01-01,10.7176,50.7641,6.64400091332887,
Ohra-Talsperre,2050-01-01,10.7176,50.7641,9.89689202911805,
Ohra-Talsperre,2083-01-01,10.7176,50.7641,14.0986688911995,
Oker-Talsperre,1985-01-01,10.4583,51.8507,27.5196348427886,
Oker-Talsperre,2035-01-01,10.4583,51.8507,6.90510296145102,
Oker-Talsperre,2050-01-01,10.4583,51.8507,8.69694117167094,
Oker-Talsperre,2083-01-01,10.4583,51.8507,12.05763041685,
Olef-Talsperre,1985-01-01,6.42108,50.4953,3.8426581296556,
Olef-Talsperre,2035-01-01,6.42108,50.4953,9.63712248662702,
Olef-Talsperre,2050-01-01,6.42108,50.4953,9.09708527857315,
Olef-Talsperre,2083-01-01,6.42108,50.4953,12.6114831274923,
Perlenbach-Talsperre,1985-01-01,6.23915,50.5388,6.21170418050239,
Perlenbach-Talsperre,2035-01-01,6.23915,50.5388,8.12984328549344,
Perlenbach-Talsperre,2050-01-01,6.23915,50.5388,7.67358876181378,
Perlenbach-Talsperre,2083-01-01,6.23915,50.5388,10.2020610477963,
Primstalsperre,1985-01-01,6.97995,49.6153,12.3200639572523,
Primstalsperre,2035-01-01,6.97995,49.6153,6.48836795855458,
Primstalsperre,2050-01-01,6.97995,49.6153,7.29337130456907,
Primstalsperre,2083-01-01,6.97995,49.6153,13.0411034288961,
Radeburg_I,1985-01-01,13.7404,51.2143,25.6889575444912,
Radeburg_I,2035-01-01,13.7404,51.2143,27.5039243999267,
Radeburg_I,2050-01-01,13.7404,51.2143,34.3882239802754,
Radeburg_I,2083-01-01,13.7404,51.2143,42.3904228461942,
Rappbode-Talsperre,1985-01-01,10.88,51.7319,18.1940547073029,
Rappbode-Talsperre,2035-01-01,10.88,51.7319,13.5912787256123,
Rappbode-Talsperre,2050-01-01,10.88,51.7319,17.0623763118996,
Rappbode-Talsperre,2083-01-01,10.88,51.7319,25.8022037254566,
Rauschenbach-Talsperre,1985-01-01,13.5001,50.6945,12.309984688467,
Rauschenbach-Talsperre,2035-01-01,13.5001,50.6945,13.8572905800426,
Rauschenbach-Talsperre,2050-01-01,13.5001,50.6945,16.8662917625723,
Rauschenbach-Talsperre,2083-01-01,13.5001,50.6945,20.4117395636009,
Riveris-Talsperre,1985-01-01,6.76379,49.7069,6.47620060268211,
Riveris-Talsperre,2035-01-01,6.76379,49.7069,7.54202125281504,
Riveris-Talsperre,2050-01-01,6.76379,49.7069,8.71815301288153,
Riveris-Talsperre,2083-01-01,6.76379,49.7069,14.9964017432809,
Rurtalsperre_Schwammenauel,1985-01-01,6.44004,50.6368,105.001324666024,
Rurtalsperre_Schwammenauel,2035-01-01,6.44004,50.6368,10.4987387197035,
Rurtalsperre_Schwammenauel,2050-01-01,6.44004,50.6368,11.1927067181236,
Rurtalsperre_Schwammenauel,2083-01-01,6.44004,50.6368,14.9114274554593,
Saidenbach-Talsperre,1985-01-01,13.2259,50.7351,0.262311519416014,
Saidenbach-Talsperre,2035-01-01,13.2259,50.7351,23.3645096762731,
Saidenbach-Talsperre,2050-01-01,13.2259,50.7351,23.7176939728638,
Saidenbach-Talsperre,2083-01-01,13.2259,50.7351,28.5582037446426,
Schadebach_I_(Krippehna),1985-01-01,12.5026,51.5353,1.5118615612031,
Schadebach_I_(Krippehna),2035-01-01,12.5026,51.5353,50.9423980791986,
Schadebach_I_(Krippehna),2050-01-01,12.5026,51.5353,56.4760033447738,
Schadebach_I_(Krippehna),2083-01-01,12.5026,51.5353,90.3045266062383,
Scheibe-Alsbach-Talsperre,1985-01-01,11.0773,50.4897,1.66726236896113,
Scheibe-Alsbach-Talsperre,2035-01-01,11.0773,50.4897,7.71215522436567,
Scheibe-Alsbach-Talsperre,2050-01-01,11.0773,50.4897,9.0273484557739,
Scheibe-Alsbach-Talsperre,2083-01-01,11.0773,50.4897,15.9091764973695,
Schevelinger-Talsperre,1985-01-01,7.43129,51.1359,4.91256486011794,
Schevelinger-Talsperre,2035-01-01,7.43129,51.1359,7.60986518438266,
Schevelinger-Talsperre,2050-01-01,7.43129,51.1359,9.35651102066026,
Schevelinger-Talsperre,2083-01-01,7.43129,51.1359,15.2592871274859,
Schmalwasser-Talsperre,1985-01-01,10.6442,50.7765,3.41742634231284,
Schmalwasser-Talsperre,2035-01-01,10.6442,50.7765,6.73348317614535,
Schmalwasser-Talsperre,2050-01-01,10.6442,50.7765,10.0354239231984,
Schmalwasser-Talsperre,2083-01-01,10.6442,50.7765,14.1366977281341,
Schönbach,1985-01-01,12.7625,51.156,0.213533336345751,
Schönbach,2035-01-01,12.7625,51.156,40.2226739805787,
Schönbach,2050-01-01,12.7625,51.156,45.7796218774523,
Schönbach,2083-01-01,12.7625,51.156,52.6271982042181,
Schönbrunn-Talsperre,1985-01-01,10.8811,50.5435,5.98223368643072,
Schönbrunn-Talsperre,2035-01-01,10.8811,50.5435,10.1356136670888,
Schönbrunn-Talsperre,2050-01-01,10.8811,50.5435,10.8750132391948,
Schönbrunn-Talsperre,2083-01-01,10.8811,50.5435,16.6794970305128,
Sengbachtalsperre,1985-01-01,7.14738,51.1239,2.54065908427256,
Sengbachtalsperre,2035-01-01,7.14738,51.1239,6.96463073746619,
Sengbachtalsperre,2050-01-01,7.14738,51.1239,9.9873873909572,
Sengbachtalsperre,2083-01-01,7.14738,51.1239,19.1937345883328,
Sorpesee-Talsperre,1985-01-01,7.96747,51.3509,12.2982333439607,
Sorpesee-Talsperre,2035-01-01,7.96747,51.3509,10.5166836184116,
Sorpesee-Talsperre,2050-01-01,7.96747,51.3509,10.5852304101924,
Sorpesee-Talsperre,2083-01-01,7.96747,51.3509,15.4111938387175,
Sosa-Talsperre,1985-01-01,12.6438,50.49,2.63273693825262,
Sosa-Talsperre,2035-01-01,12.6438,50.49,11.9537921119812,
Sosa-Talsperre,2050-01-01,12.6438,50.49,13.5246123150743,
Sosa-Talsperre,2083-01-01,12.6438,50.49,14.8089160040972,
Steinbach-Talsperre_(RP),1985-01-01,7.21658,49.7779,8.56504330781201,
Steinbach-Talsperre_(RP),2035-01-01,7.21658,49.7779,6.84667152131683,
Steinbach-Talsperre_(RP),2050-01-01,7.21658,49.7779,7.89328948116398,
Steinbach-Talsperre_(RP),2083-01-01,7.21658,49.7779,11.7887500713829,
Stollberg-Talsperre,1985-01-01,12.8062,50.7143,0.933758819363142,
Stollberg-Talsperre,2035-01-01,12.8062,50.7143,18.9492519152359,
Stollberg-Talsperre,2050-01-01,12.8062,50.7143,19.2621214721468,
Stollberg-Talsperre,2083-01-01,12.8062,50.7143,25.8456453525886,
Söse-Talsperre,1985-01-01,10.3116,51.7387,17.0569419326647,
Söse-Talsperre,2035-01-01,10.3116,51.7387,7.91424784522856,
Söse-Talsperre,2050-01-01,10.3116,51.7387,9.78992734640354,
Söse-Talsperre,2083-01-01,10.3116,51.7387,15.0886715475533,
Süptitz,1985-01-01,12.9172,51.5676,0.293777428870654,
Süptitz,2035-01-01,12.9172,51.5676,54.8642773775391,
Süptitz,2050-01-01,12.9172,51.5676,61.013046959036,
Süptitz,2083-01-01,12.9172,51.5676,86.4248015998809,
Tambach-Dietharz-Talsperre,1985-01-01,10.6219,50.7871,13.897629605478,
Tambach-Dietharz-Talsperre,2035-01-01,10.6219,50.7871,8.66379091222862,
Tambach-Dietharz-Talsperre,2050-01-01,10.6219,50.7871,11.9749224973055,
Tambach-Dietharz-Talsperre,2083-01-01,10.6219,50.7871,16.0387299837921,
Tautenhain,1985-01-01,12.6941,51.0892,0.115457671324881,
Tautenhain,2035-01-01,12.6941,51.0892,37.339261629988,
Tautenhain,2050-01-01,12.6941,51.0892,43.7746880261018,
Tautenhain,2083-01-01,12.6941,51.0892,57.2016995409646,
Teufelsteich-Talsperre,1985-01-01,11.1165,51.6202,0.307582808647073,
Teufelsteich-Talsperre,2035-01-01,11.1165,51.6202,21.1249241930767,
Teufelsteich-Talsperre,2050-01-01,11.1165,51.6202,25.6421465549557,
Teufelsteich-Talsperre,2083-01-01,11.1165,51.6202,36.7691278412813,
Verse-Talsperre,1985-01-01,7.68518,51.1926,9.32402750166083,
Verse-Talsperre,2035-01-01,7.68518,51.1926,7.41531502991382,
Verse-Talsperre,2050-01-01,7.68518,51.1926,8.48033206898848,
Verse-Talsperre,2083-01-01,7.68518,51.1926,14.0082768723268,
Wahnbach-Talsperre,1985-01-01,7.28475,50.805,14.9583239895972,
Wahnbach-Talsperre,2035-01-01,7.28475,50.805,11.3825716428066,
Wahnbach-Talsperre,2050-01-01,7.28475,50.805,11.2663271823066,
Wahnbach-Talsperre,2083-01-01,7.28475,50.805,23.3011775574523,
Wehebach-Talsperre,1985-01-01,6.34762,50.7512,5.72033880476009,
Wehebach-Talsperre,2035-01-01,6.34762,50.7512,11.1086568302227,
Wehebach-Talsperre,2050-01-01,6.34762,50.7512,11.8110240189227,
Wehebach-Talsperre,2083-01-01,6.34762,50.7512,11.1557155762135,
Weida-Talsperre,1985-01-01,11.994,50.7057,10.5802910864055,
Weida-Talsperre,2035-01-01,11.994,50.7057,30.2679790830563,
Weida-Talsperre,2050-01-01,11.994,50.7057,35.3693030699521,
Weida-Talsperre,2083-01-01,11.994,50.7057,51.0225418273364,
Werda-Talsperre,1985-01-01,12.3068,50.4488,2.37719042200109,
Werda-Talsperre,2035-01-01,12.3068,50.4488,14.8623549108543,
Werda-Talsperre,2050-01-01,12.3068,50.4488,16.6130628429957,
Werda-Talsperre,2083-01-01,12.3068,50.4488,22.7240945819942,
Wiehl-Talsperre,1985-01-01,7.66758,50.9365,13.5511849959406,
Wiehl-Talsperre,2035-01-01,7.66758,50.9365,7.93922786248005,
Wiehl-Talsperre,2050-01-01,7.66758,50.9365,8.98811068058828,
Wiehl-Talsperre,2083-01-01,7.66758,50.9365,16.6477340852863,
Zeisigteich,1985-01-01,12.9083,51.3027,0.459775928970959,
Zeisigteich,2035-01-01,12.9083,51.3027,37.2820003391602,
Zeisigteich,2050-01-01,12.9083,51.3027,48.6376353512933,
Zeisigteich,2083-01-01,12.9083,51.3027,59.1070100007052,
Zeulenrodaer-Talsperre,1985-01-01,11.9759,50.67,9.0726871134962,
Zeulenrodaer-Talsperre,2035-01-01,11.9759,50.67,30.509107607642,
Zeulenrodaer-Talsperre,2050-01-01,11.9759,50.67,35.1206272008452,
Zeulenrodaer-Talsperre,2083-01-01,11.9759,50.67,50.5400330774781,
Zillierbach-Talsperre,1985-01-01,10.7788,51.7917,0.698139526901509,
Zillierbach-Talsperre,2035-01-01,10.7788,51.7917,14.0575898194987,
Zillierbach-Talsperre,2050-01-01,10.7788,51.7917,13.8464544054115,
Zillierbach-Talsperre,2083-01-01,10.7788,51.7917,21.9664996946757,
